{
  "S_su": 9.0,
  "S_aa": 4.5,
  "S_fa": 2.0,
  "S_va": 0.2,
  "S_bu": 0.2,
  "S_pro": 0.4,
  "S_ac": 1.2,
  "S_h2": 0.0001,
  "S_ch4": 0.0001,
  "S_IC": 0.1,
  "S_IN": 1.192,
  "S_I": 0.5,
  "S_cat": 0.03,
  "S_an": 0.03,
  "X_c": 3.214,
  "X_ch": 19.284,
  "X_pr": 16.07,
  "X_li": 12.856,
  "X_su": 0.03214,
  "X_aa": 0.03214,
  "X_fa": 0.03214,
  "X_c4": 0.03214,
  "X_pro": 0.03214,
  "X_ac": 0.03214,
  "X_h2": 0.03214,
  "X_I": 8.0,
  "S_IP": 0.5,
  "S_SO4": 0.05,
  "S_IS": 0.005,
  "X_SRB": 0.03214
}