{
  "S_su": 4.5,
  "S_aa": 2.25,
  "S_fa": 1.0,
  "S_va": 0.1,
  "S_bu": 0.1,
  "S_pro": 0.2,
  "S_ac": 0.6,
  "S_h2": 0.0001,
  "S_ch4": 0.0001,
  "S_IC": 0.1,
  "S_IN": 0.15,
  "S_I": 0.25,
  "S_cat": 0.03,
  "S_an": 0.03,
  "X_c": 3.8568,
  "X_ch": 23.1408,
  "X_pr": 19.284,
  "X_li": 15.4272,
  "X_su": 0.05785200000000001,
  "X_aa": 0.05785200000000001,
  "X_fa": 0.05785200000000001,
  "X_c4": 0.05785200000000001,
  "X_pro": 0.05785200000000001,
  "X_ac": 0.05785200000000001,
  "X_h2": 0.05785200000000001,
  "X_I": 1.0,
  "S_IP": 0.8,
  "S_SO4": 0.05,
  "S_IS": 0.005,
  "X_SRB": 0.05785200000000001
}