{
  "S_su": 0.0,
  "S_aa": 0.0,
  "S_fa": 0.0,
  "S_va": 0.0,
  "S_bu": 0.0,
  "S_pro": 0.0,
  "S_ac": 0.0,
  "S_h2": 0.0001,
  "S_ch4": 0.0001,
  "S_IC": 0.1,
  "S_IN": 0.0,
  "S_I": 0.0,
  "X_c": 0.0,
  "X_ch": 7.69492249220651,
  "X_pr": 0.0,
  "X_li": 0.0,
  "X_su": 1.510625,
  "X_aa": 1.510625,
  "X_fa": 1.510625,
  "X_c4": 1.510625,
  "X_pro": 1.510625,
  "X_ac": 1.510625,
  "X_h2": 1.510625,
  "X_I": 30.219,
  "S_cat": 0.03,
  "S_an": 0.03,
  "H2O": 0.0,
  "S_SO4": 0.05,
  "S_IS": 0.005,
  "X_SRB": 1.510625,
  "S_IP": 0.0
}