{
  "success": true,
  "message": "Simulation completed: max_time_reached at t=200 days",
  "streams": {
    "influent": {
      "success": true,
      "flow": 999.9999999999998,
      "temperature": 308.15,
      "pH": 4.514271227875328,
      "COD": 4886.0,
      "TSS": 3061.631241746629,
      "VSS": 1554.676515222919,
      "TKN": 246.637,
      "TP": 22.143900000000002,
      "alkalinity": 107.09160615920985,
      "components": {
        "S_su": 300.00000000000006,
        "S_aa": 250.00000000000006,
        "S_fa": 50.000000000000014,
        "S_va": 5.000000000000001,
        "S_bu": 5.000000000000001,
        "S_pro": 10.000000000000002,
        "S_ac": 50.000000000000014,
        "S_h2": 0.1,
        "S_ch4": 0.1,
        "S_IC": 1540.0,
        "S_IN": 30.000000000000004,
        "S_IP": 10.000000000000002,
        "S_I": 150.00000000000003,
        "X_ch": 1600.0000000000005,
        "X_pr": 1200.0000000000002,
        "X_li": 500.0000000000001,
        "X_su": 5.000000000000001,
        "X_aa": 5.000000000000001,
        "X_fa": 5.000000000000001,
        "X_c4": 5.000000000000001,
        "X_pro": 5.000000000000001,
        "X_ac": 5.000000000000001,
        "X_h2": 5.000000000000001,
        "X_I": 700.0000000000001,
        "X_PHA": 0.0,
        "X_PP": 0.0,
        "X_PAO": 5.000000000000001,
        "S_K": 100.00000000000003,
        "S_Mg": 240.00000000000003,
        "S_SO4": 50.000000000000014,
        "S_IS": 5.000000000000001,
        "X_hSRB": 5.000000000000001,
        "X_aSRB": 5.000000000000001,
        "X_pSRB": 5.000000000000001,
        "X_c4SRB": 5.000000000000001,
        "S_S0": 0.0,
        "S_Fe3": 0.0,
        "S_Fe2": 1.0000000000000002,
        "X_HFO_H": 0.0,
        "X_HFO_L": 0.0,
        "X_HFO_old": 0.0,
        "X_HFO_HP": 0.0,
        "X_HFO_LP": 0.0,
        "X_HFO_HP_old": 0.0,
        "X_HFO_LP_old": 0.0,
        "S_Ca": 1200.0000000000002,
        "S_Al": 0.0,
        "X_CCM": 0.0,
        "X_ACC": 0.0,
        "X_ACP": 0.0,
        "X_HAP": 0.0,
        "X_DCPD": 0.0,
        "X_OCP": 0.0,
        "X_struv": 0.0,
        "X_newb": 0.0,
        "X_magn": 0.0,
        "X_kstruv": 0.0,
        "X_FeS": 0.0,
        "X_Fe3PO42": 0.0,
        "X_AlPO4": 0.0,
        "S_Na": 600.0000000000001,
        "S_Cl": 150.00000000000003,
        "H2O": 981649.2113559509
      },
      "sulfur": {
        "sulfate": 50.000000000000014,
        "total_sulfide": 5.000000000000001,
        "srb_biomass": 0.0
      }
    },
    "effluent": {
      "success": true,
      "flow": 999.9999999999991,
      "temperature": 308.15,
      "pH": 4.444945764942675,
      "COD": 2750.200364568799,
      "TSS": 496.4991756489298,
      "VSS": 457.8040859126532,
      "TKN": 155.99498207246748,
      "TP": 14.005754544212783,
      "alkalinity": 352.50630914927183,
      "components": {
        "S_su": 34.46944783164329,
        "S_aa": 14.962411299344126,
        "S_fa": 310.03680138233835,
        "S_va": 108.4631075858614,
        "S_bu": 170.74163142922822,
        "S_pro": 257.4744037377868,
        "S_ac": 963.5589258100134,
        "S_h2": 0.00014221883382162126,
        "S_ch4": 0.6769079555386777,
        "S_IC": 1071.0560962771287,
        "S_IN": 98.74900242209569,
        "S_IP": 4.980683762337023,
        "S_I": 94.87322385092929,
        "X_ch": 15.986431719467397,
        "X_pr": 12.026035679868436,
        "X_li": 5.13484649084746,
        "X_su": 112.68235685327735,
        "X_aa": 69.47394587972691,
        "X_fa": 4.259082952205845,
        "X_c4": 17.815365284268793,
        "X_pro": 6.932792459854522,
        "X_ac": 5.891799196513522,
        "X_h2": 19.737444355547265,
        "X_I": 444.6371678381849,
        "X_PHA": 0.0,
        "X_PP": 0.0,
        "X_PAO": 1.5839223774151894,
        "S_K": 63.248815900619554,
        "S_Mg": 151.79715816148683,
        "S_SO4": 1.112399949381888,
        "S_IS": 63.310241765605014,
        "X_hSRB": 5.0750178157142765,
        "X_aSRB": 3.351634716723758,
        "X_pSRB": 3.3863802468735558,
        "X_c4SRB": 3.703457850554305,
        "S_S0": 0.0,
        "S_Fe3": 0.0,
        "S_Fe2": 0.6324881590061953,
        "X_HFO_H": 0.0,
        "X_HFO_L": 0.0,
        "X_HFO_old": 0.0,
        "X_HFO_HP": 0.0,
        "X_HFO_LP": 0.0,
        "X_HFO_HP_old": 0.0,
        "X_HFO_LP_old": 0.0,
        "S_Ca": 758.9857908074345,
        "S_Al": 0.0,
        "X_CCM": 0.0,
        "X_ACC": 0.0,
        "X_ACP": 0.0,
        "X_HAP": 0.0,
        "X_DCPD": 0.0,
        "X_OCP": 0.0,
        "X_struv": 0.0,
        "X_newb": 0.0,
        "X_magn": 0.0,
        "X_kstruv": 0.0,
        "X_FeS": 0.0,
        "X_Fe3PO42": 0.0,
        "X_AlPO4": 0.0,
        "S_Na": 379.49289540371717,
        "S_Cl": 94.87322385092929,
        "H2O": 985834.4884204966
      },
      "sulfur": {
        "sulfate": 1.112399949381888,
        "total_sulfide": 63.310241765605014,
        "srb_biomass": 0.0
      }
    },
    "biogas": {
      "success": true,
      "flow_total": 983.7264924815395,
      "methane_flow": 705.4164153967729,
      "methane_percent": 71.70859184825812,
      "co2_flow": 256.6021255847504,
      "co2_percent": 26.084702155113078,
      "h2_flow": 4.882079702443052,
      "h2_percent": 0.4962842558125646,
      "h2s_ppm": 1737712.8348022143
    }
  },
  "performance": {
    "yields": {
      "success": true,
      "VSS_yield": 0.07424354448331952,
      "TSS_yield": 0.08533740745209142,
      "COD_removal_efficiency": 43.712640921637345,
      "detailed": {
        "success": true,
        "overall": {
          "VSS_yield_kg_per_kg_COD": 0.07424354448331952,
          "TSS_yield_kg_per_kg_COD": 0.08533740745209142,
          "biomass_TSS_yield": 0.08533740745209142,
          "precipitate_TSS_yield": 0.0,
          "COD_removed_kg_d": 2135.7996354312004,
          "total_biomass_VSS_kg_d": 158.56933524059394,
          "total_biomass_TSS_kg_d": 182.26360372482065
        },
        "per_functional_group": {
          "X_su": {
            "yield_kg_VSS_per_kg_COD": 0.032950616928278255,
            "net_production_kg_VSS_d": 70.37591562264984,
            "net_production_kg_TSS_d": 80.89185703752855,
            "concentration_kg_COD_m3": 0.1126823568532773
          },
          "X_aa": {
            "yield_kg_VSS_per_kg_COD": 0.02031559723373177,
            "net_production_kg_VSS_d": 43.39004516537142,
            "net_production_kg_TSS_d": 49.87361513261082,
            "concentration_kg_COD_m3": 0.0694739458797269
          },
          "X_fa": {
            "yield_kg_VSS_per_kg_COD": 0.0012454426295558402,
            "net_production_kg_VSS_d": 2.660015914155839,
            "net_production_kg_TSS_d": 3.0574895565009643,
            "concentration_kg_COD_m3": 0.0042590829522058445
          },
          "X_c4": {
            "yield_kg_VSS_per_kg_COD": 0.005209575778430433,
            "net_production_kg_VSS_d": 11.12661004832293,
            "net_production_kg_TSS_d": 12.789206952095324,
            "concentration_kg_COD_m3": 0.01781536528426879
          },
          "X_pro": {
            "yield_kg_VSS_per_kg_COD": 0.0020272897636084376,
            "net_production_kg_VSS_d": 4.329884738028306,
            "net_production_kg_TSS_d": 4.976879009227938,
            "concentration_kg_COD_m3": 0.00693279245985452
          },
          "X_ac": {
            "yield_kg_VSS_per_kg_COD": 0.0017228821242658288,
            "net_production_kg_VSS_d": 3.6797310128978893,
            "net_production_kg_TSS_d": 4.229575876894126,
            "concentration_kg_COD_m3": 0.0058917991965135195
          },
          "X_h2": {
            "yield_kg_VSS_per_kg_COD": 0.005771630859209619,
            "net_production_kg_VSS_d": 12.32704708494337,