{
  "success": true,
  "message": "Simulation completed: max_time_reached at t=200 days",
  "streams": {
    "influent": {
      "success": true,
      "flow": 999.9999999999998,
      "temperature": 308.15,
      "pH": 4.514271227875328,
      "COD": 4886.0,
      "TSS": 3061.631241746629,
      "VSS": 1554.676515222919,
      "TKN": 246.637,
      "TP": 22.143900000000002,
      "alkalinity": 107.09160615920985,
      "components": {
        "S_su": 300.00000000000006,
        "S_aa": 250.00000000000006,
        "S_fa": 50.000000000000014,
        "S_va": 5.000000000000001,
        "S_bu": 5.000000000000001,
        "S_pro": 10.000000000000002,
        "S_ac": 50.000000000000014,
        "S_h2": 0.1,
        "S_ch4": 0.1,
        "S_IC": 1540.0,
        "S_IN": 30.000000000000004,
        "S_IP": 10.000000000000002,
        "S_I": 150.00000000000003,
        "X_ch": 1600.0000000000005,
        "X_pr": 1200.0000000000002,
        "X_li": 500.0000000000001,
        "X_su": 5.000000000000001,
        "X_aa": 5.000000000000001,
        "X_fa": 5.000000000000001,
        "X_c4": 5.000000000000001,
        "X_pro": 5.000000000000001,
        "X_ac": 5.000000000000001,
        "X_h2": 5.000000000000001,
        "X_I": 700.0000000000001,
        "X_PHA": 0.0,
        "X_PP": 0.0,
        "X_PAO": 5.000000000000001,
        "S_K": 100.00000000000003,
        "S_Mg": 240.00000000000003,
        "S_SO4": 50.000000000000014,
        "S_IS": 5.000000000000001,
        "X_hSRB": 5.000000000000001,
        "X_aSRB": 5.000000000000001,
        "X_pSRB": 5.000000000000001,
        "X_c4SRB": 5.000000000000001,
        "S_S0": 0.0,
        "S_Fe3": 0.0,
        "S_Fe2": 1.0000000000000002,
        "X_HFO_H": 0.0,
        "X_HFO_L": 0.0,
        "X_HFO_old": 0.0,
        "X_HFO_HP": 0.0,
        "X_HFO_LP": 0.0,
        "X_HFO_HP_old": 0.0,
        "X_HFO_LP_old": 0.0,
        "S_Ca": 1200.0000000000002,
        "S_Al": 0.0,
        "X_CCM": 0.0,
        "X_ACC": 0.0,
        "X_ACP": 0.0,
        "X_HAP": 0.0,
        "X_DCPD": 0.0,
        "X_OCP": 0.0,
        "X_struv": 0.0,
        "X_newb": 0.0,
        "X_magn": 0.0,
        "X_kstruv": 0.0,
        "X_FeS": 0.0,
        "X_Fe3PO42": 0.0,
        "X_AlPO4": 0.0,
        "S_Na": 600.0000000000001,
        "S_Cl": 150.00000000000003,
        "H2O": 981649.2113559509
      },
      "sulfur": {
        "sulfate": 50.000000000000014,
        "total_sulfide": 5.000000000000001,
        "srb_biomass": 0.0
      }
    },
    "effluent": {
      "success": true,
      "flow": 999.9999999999995,
      "temperature": 308.15,
      "pH": 4.4670171179993705,
      "COD": 2719.0357830883886,
      "TSS": 497.60880071799886,
      "VSS": 458.7714403509292,
      "TKN": 156.00350017254868,
      "TP": 14.006519327926652,
      "alkalinity": 352.0590541425094,
      "components": {
        "S_su": 34.49626270785017,
        "S_aa": 14.971278926187987,
        "S_fa": 310.0845571253797,
        "S_va": 107.9631653004971,
        "S_bu": 169.88479289359,
        "S_pro": 255.90601147086545,
        "S_ac": 939.6392842055781,
        "S_h2": 0.12683456937514218,
        "S_ch4": 24.41623066516793,
        "S_IC": 936.8273070858938,
        "S_IN": 98.62371111416542,
        "S_IP": 4.948546145319843,
        "S_I": 94.8784043994341,
        "X_ch": 15.98722719414918,
        "X_pr": 12.026831154543299,
        "X_li": 5.135858913163587,
        "X_su": 112.68731295686477,
        "X_aa": 69.47760627819989,
        "X_fa": 4.258551612428961,
        "X_c4": 17.774788535152577,
        "X_pro": 6.9301536009428215,
        "X_ac": 7.083824233673053,
        "X_h2": 19.94335296303617,
        "X_I": 444.66688479337824,
        "X_PHA": 0.0,
        "X_PP": 0.0,
        "X_PAO": 1.584146358660931,
        "S_K": 63.25226959962276,
        "S_Mg": 151.80544703909453,
        "S_SO4": 0.9319956336168626,
        "S_IS": 57.35301508948378,
        "X_hSRB": 4.973903808946436,
        "X_aSRB": 3.412851099179188,
        "X_pSRB": 3.4605107440609038,
        "X_c4SRB": 3.822684027146021,
        "S_S0": 0.0,
        "S_Fe3": 0.0,
        "S_Fe2": 0.6325226959962271,
        "X_HFO_H": 0.0,
        "X_HFO_L": 0.0,
        "X_HFO_old": 0.0,
        "X_HFO_HP": 0.0,
        "X_HFO_LP": 0.0,
        "X_HFO_HP_old": 0.0,
        "X_HFO_LP_old": 0.0,
        "S_Ca": 759.0272351954728,
        "S_Al": 0.0,
        "X_CCM": 0.0,
        "X_ACC": 0.0,
        "X_ACP": 0.0,
        "X_HAP": 0.0,
        "X_DCPD": 0.0,
        "X_OCP": 0.0,
        "X_struv": 0.0,
        "X_newb": 0.0,
        "X_magn": 0.0,
        "X_kstruv": 0.0,
        "X_FeS": 0.0,
        "X_Fe3PO42": 0.0,
        "X_AlPO4": 0.0,
        "S_Na": 379.5136175977364,
        "S_Cl": 94.8784043994341,
        "H2O": 986375.3542283875
      },
      "sulfur": {
        "sulfate": 0.9319956336168626,
        "total_sulfide": 57.35301508948378,
        "srb_biomass": 0.0
      }
    },
    "biogas": {
      "success": true,
      "flow_total": 2.76694538135563,
      "methane_flow": 0.7326283939947634,
      "methane_percent": 26.477876973336617,
      "co2_flow": 1.8690698881503827,
      "co2_percent": 67.54993794762423,
      "h2_flow": 0.00021138539523451208,
      "h2_percent": 0.007639666350441167,
      "h2s_ppm": 5462052.62429264
    }
  },
  "performance": {
    "yields": {
      "success": true,
      "VSS_yield": 0,
      "TSS_yield": 0,
      "COD_removal_efficiency": 44.350475172157424
    },
    "inhibition": {
      "success": true,
      "inhibition_factors": [
        {
          "type": "H\u2082S Inhibition (Hydrogenotrophic)",
          "value": 12.508143008708883,
          "concentration": 57.185404168316715,
          "concentration_units": "mg S/L",
          "KI": 0.4
        },
        {
          "type": "H\u2082S Inhibition (Acetoclastic)",
          "value": 11.05704138350081,
          "concentration": 57.185404168316715,
          "concentration_units": "mg S/L",
          "KI": 0.46
        }
      ],
      "recommendations": [
        "H\u2082S Inhibition Detected (Acetoclastic: 11.1%, Hydrogenotrophic: 12.5%)",
        "H\u2082S concentration: 57.1854 mg S/L at pH 4.47",
        "Consider reducing sulfate loading or enhancing H\u2082S stripping",
        "Monitor sulfate-to-COD ratio (ideally < 0.5 kg SO4/kg COD)",
        "Consider pH adjustment to shift H\u2082S/HS\u207b equilibrium (higher pH reduces H\u2082S)"
      ]
    }
  },
  "sulfur": {
    "success": true,
    "sulfate_in_mg_L": 50.000000000000014,
    "sulfate_out_mg_L": 0.9319956336168626,
    "sulfate_removal_pct": 98.13600873276627,
    "sulfate_in_kg_S_d": 50.0,
    "sulfate_out_kg_S_d": 0.9319956336168622,
    "sulfide_total_mg_L": 57.35301508948378,
    "sulfide_out_kg_S_d": 57.353015089483755,
    "H2S_dissolved_mg_L": 57.185404168316715,
    "H2S_dissolved_kg_m3": 0.05718540416831672,
    "HS_dissolved_mg_L": 0.1676109211670631,
    "fraction_H2S": 0.9970775569356632,
    "pH": 4.4670171179993705,
    "h2s_biogas_ppm": 5462052.62429264,
    "h2s_biogas_percent": 546.205262429264,
    "h2s_biogas_kg_S_d": 21.016312620501807,
    "srb_biomass_mg_COD_L": 0.0,
    "srb_yield_kg_VSS_per_kg_COD": 0.0,
    "inhibition_acetoclastic_pct": 11.05704138350081,
    "inhibition_acetoclastic_factor": 0.8894295861649919,
    "inhibition_hydrogenotrophic_pct": 12.508143008708883,
    "inhibition_hydrogenotrophic_factor": 0.8749185699129112,
    "KI_h2s_acetoclastic": 0.46,
    "KI_h2s_hydrogenotrophic": 0.4,
    "speciation": {
      "H2S_dissolved_kg_m3": 0.05718540416831672,
      "H2S_dissolved_mg_L": 57.185404168316715,
      "HS_dissolved_kg_m3": 0.00016761092116706312,
      "HS_dissolved_mg_L": 0.1676109211670631,