{
  "success": true,
  "message": "Simulation completed: max_time_reached at t=200 days",
  "streams": {
    "influent": {
      "success": true,
      "flow": 999.9999999999998,
      "temperature": 308.15,
      "pH": 4.514271227875328,
      "COD": 4886.0,
      "TSS": 3061.631241746629,
      "VSS": 1554.676515222919,
      "TKN": 246.63699999999997,
      "TP": 22.143900000000002,
      "alkalinity": 107.09160615920985,
      "components": {
        "S_su": 300.00000000000006,
        "S_aa": 250.00000000000006,
        "S_fa": 50.000000000000014,
        "S_va": 5.000000000000001,
        "S_bu": 5.000000000000001,
        "S_pro": 10.000000000000002,
        "S_ac": 50.000000000000014,
        "S_h2": 0.1,
        "S_ch4": 0.1,
        "S_IC": 1540.0,
        "S_IN": 30.000000000000004,
        "S_IP": 10.000000000000002,
        "S_I": 150.00000000000003,
        "X_ch": 1600.0000000000005,
        "X_pr": 1200.0000000000002,
        "X_li": 500.0000000000001,
        "X_su": 5.000000000000001,
        "X_aa": 5.000000000000001,
        "X_fa": 5.000000000000001,
        "X_c4": 5.000000000000001,
        "X_pro": 5.000000000000001,
        "X_ac": 5.000000000000001,
        "X_h2": 5.000000000000001,
        "X_I": 700.0000000000001,
        "X_PHA": 0.0,
        "X_PP": 0.0,
        "X_PAO": 5.000000000000001,
        "S_K": 100.00000000000003,
        "S_Mg": 240.00000000000003,
        "S_SO4": 50.000000000000014,
        "S_IS": 5.000000000000001,
        "X_hSRB": 5.000000000000001,
        "X_aSRB": 5.000000000000001,
        "X_pSRB": 5.000000000000001,
        "X_c4SRB": 5.000000000000001,
        "S_S0": 0.0,
        "S_Fe3": 0.0,
        "S_Fe2": 1.0000000000000002,
        "X_HFO_H": 0.0,
        "X_HFO_L": 0.0,
        "X_HFO_old": 0.0,
        "X_HFO_HP": 0.0,
        "X_HFO_LP": 0.0,
        "X_HFO_HP_old": 0.0,
        "X_HFO_LP_old": 0.0,
        "S_Ca": 1200.0000000000002,
        "S_Al": 0.0,
        "X_CCM": 0.0,
        "X_ACC": 0.0,
        "X_ACP": 0.0,
        "X_HAP": 0.0,
        "X_DCPD": 0.0,
        "X_OCP": 0.0,
        "X_struv": 0.0,
        "X_newb": 0.0,
        "X_magn": 0.0,
        "X_kstruv": 0.0,
        "X_FeS": 0.0,
        "X_Fe3PO42": 0.0,
        "X_AlPO4": 0.0,
        "S_Na": 600.0000000000001,
        "S_Cl": 150.00000000000003,
        "H2O": 981649.2113559509
      },
      "sulfur": {
        "sulfate": 50.000000000000014,
        "total_sulfide": 5.000000000000001,
        "srb_biomass": 0.0
      }
    },
    "effluent": {
      "success": true,
      "flow": 1000.0,
      "temperature": 308.15,
      "pH": 4.493815827287871,
      "COD": 1282.8983164753497,
      "TSS": 212.0900627902793,
      "VSS": 197.43570920186164,
      "TKN": 70.09075966332614,
      "TP": 6.292984316600958,
      "alkalinity": 159.95457014450653,
      "components": {
        "S_su": 42.21646295046867,
        "S_aa": 12.85403210018516,
        "S_fa": 145.24596665981863,
        "S_va": 76.1158018132951,
        "S_bu": 135.93213328287067,
        "S_pro": 129.9363960880485,
        "S_ac": 355.8995605168449,
        "S_h2": 0.0001319627211771797,
        "S_ch4": 0.36609940797682283,
        "S_IC": 486.78381404122075,
        "S_IN": 44.80871355294171,
        "S_IP": 2.484183479397394,
        "S_I": 42.62788612124587,
        "X_ch": 5.374544127721198,
        "X_pr": 4.045640473236545,
        "X_li": 1.7361307623596955,
        "X_su": 49.43746654411696,
        "X_aa": 31.123290491711327,
        "X_fa": 1.5501090677419487,
        "X_c4": 2.79684932756436,
        "X_pro": 1.8414607307046595,
        "X_ac": 2.0506799348931324,
        "X_h2": 6.798289684632393,
        "X_I": 199.57997785438735,
        "X_PHA": 0.0,
        "X_PP": 0.0,
        "X_PAO": 0.6455254097800007,
        "S_K": 28.41859074749725,
        "S_Mg": 68.20461779399338,
        "S_SO4": 0.8188703622180543,
        "S_IS": 28.062258691704386,
        "X_hSRB": 2.3787712267354664,
        "X_aSRB": 1.4344889691805385,
        "X_pSRB": 1.4168132465915124,
        "X_c4SRB": 1.5135944920359665,
        "S_S0": 0.0,
        "S_Fe3": 0.0,
        "S_Fe2": 0.2841859074749725,
        "X_HFO_H": 0.0,
        "X_HFO_L": 0.0,
        "X_HFO_old": 0.0,
        "X_HFO_HP": 0.0,
        "X_HFO_LP": 0.0,
        "X_HFO_HP_old": 0.0,
        "X_HFO_LP_old": 0.0,
        "S_Ca": 341.023088969967,
        "S_Al": 0.0,
        "X_CCM": 0.0,
        "X_ACC": 0.0,
        "X_ACP": 0.0,
        "X_HAP": 0.0,
        "X_DCPD": 0.0,
        "X_OCP": 0.0,
        "X_struv": 0.0,
        "X_newb": 0.0,
        "X_magn": 0.0,
        "X_kstruv": 0.0,
        "X_FeS": 0.0,
        "X_Fe3PO42": 0.0,
        "X_AlPO4": 0.0,
        "S_Na": 170.5115444849835,
        "S_Cl": 42.62788612124587,
        "H2O": 990337.998214719
      },
      "sulfur": {
        "sulfate": 0.8188703622180543,
        "total_sulfide": 28.062258691704386,
        "srb_biomass": 0.0
      }
    },
    "biogas": {
      "success": true,
      "flow_total": 745.6364772546173,
      "methane_flow": 619.852907799769,
      "methane_percent": 83.13071137319156,
      "co2_flow": 103.1376967428503,
      "co2_percent": 13.832168877064099,
      "h2_flow": 9.162351478215578,
      "h2_percent": 1.2287960363675787,
      "h2s_ppm": 963.4463249226795
    }
  },
  "performance": {
    "yields": {
      "success": true,
      "VSS_yield": 0.017851530452038775,
      "TSS_yield": 0.020519000519584798,
      "COD_removal_efficiency": 73.7433827982941,
      "detailed": {
        "success": true,
        "overall": {
          "VSS_yield_kg_per_kg_COD": 0.017851530452038775,
          "TSS_yield_kg_per_kg_COD": 0.020519000519584798,
          "biomass_TSS_yield": 0.020519000519584798,
          "precipitate_TSS_yield": 0.0,
          "COD_removed_kg_d": 3603.101683524649,
          "total_biomass_VSS_kg_d": 64.32087942523245,
          "total_biomass_TSS_kg_d": 73.93204531635914
        },
        "per_functional_group": {
          "X_su": {
            "yield_kg_VSS_per_kg_COD": 0.008569348882845546,
            "net_production_kg_VSS_d": 30.87623538649086,
            "net_production_kg_TSS_d": 35.48992573159869,
            "concentration_kg_COD_m3": 0.049437466544116994
          },
          "X_aa": {
            "yield_kg_VSS_per_kg_COD": 0.005394822049945069,
            "net_production_kg_VSS_d": 19.43809241047298,
            "net_production_kg_TSS_d": 22.34263495456664,
            "concentration_kg_COD_m3": 0.031123290491711343
          },
          "X_fa": {
            "yield_kg_VSS_per_kg_COD": 0.00026869146694823783,
            "net_production_kg_VSS_d": 0.9681226769099034,
            "net_production_kg_TSS_d": 1.1127846861033373,
            "concentration_kg_COD_m3": 0.0015501090677419492
          },
          "X_c4": {
            "yield_kg_VSS_per_kg_COD": 0.00048479785345115044,
            "net_production_kg_VSS_d": 1.7467759619389762,
            "net_production_kg_TSS_d": 2.0077884619988233,
            "concentration_kg_COD_m3": 0.0027968493275643616
          },
          "X_pro": {
            "yield_kg_VSS_per_kg_COD": 0.0003191935298987473,
            "net_production_kg_VSS_d": 1.1500867449483518,
            "net_production_kg_TSS_d": 1.3219387872969561,
            "concentration_kg_COD_m3": 0.0018414607307046605
          },
          "X_ac": {
            "yield_kg_VSS_per_kg_COD": 0.00035545898763781654,
            "net_production_kg_VSS_d": 1.2807548767817842,
            "net_production_kg_TSS_d": 1.472132042277913,
            "concentration_kg_COD_m3": 0.002050679934893133
          },
          "X_h2": {
            "yield_kg_VSS_per_kg_COD": 0.0011783960665192612,